<beans xmlns="http://www.springframework.org/schema/beans"
	xmlns:context="http://www.springframework.org/schema/context"
	xmlns:xsi="http://www.w3.org/2001/XMLSchema-instance"
	xmlns:mvc="http://www.springframework.org/schema/mvc"
 xmlns:webflow="http://www.springframework.org/schema/webflow-config"
	xsi:schemaLocation="
http://www.springframework.org/schema/beans
http://www.springframework.org/schema/beans/spring-beans-3.1.xsd
http://www.springframework.org/schema/context
http://www.springframework.org/schema/context/spring-context-3.0.xsd
http://www.springframework.org/schema/mvc
http://www.springframework.org/schema/mvc/spring-mvc-3.0.xsd
http://www.springframework.org/schema/webflow-config
http://www.springframework.org/schema/webflow-config/spring-webflow-config-2.4.xsd">
 
	<context:component-scan base-package="com.niit.*"/>	
 	<mvc:annotation-driven/>
 
<bean
		class="org.springframework.web.servlet.view.InternalResourceViewResolver">
		<property name="prefix">
			<value>/WEB-INF/views/</value>
		</property>
		<property name="suffix">
			<value>.jsp</value>
		</property>
		</bean>
		<bean id="multipartResolver"
		class="org.springframework.web.multipart.commons.CommonsMultipartResolver">
		</bean>
	<mvc:resources  mapping="/images/**" location="/WEB-INF/images/" />
	<mvc:resources  mapping="/resources/**" location="/resources/" />

<webflow:flow-executor id="flowExecutor"/>
	
	<webflow:flow-registry id="flowRegistry"   base-path="/WEB-INF">
    <webflow:flow-location id="cart_checkout" path="/webflow.xml" />
</webflow:flow-registry>
<webflow:flow-builder-services id="flowBuilderServices" />
<bean class="org.springframework.webflow.mvc.servlet.FlowHandlerAdapter">
<property name="flowExecutor" ref="flowExecutor"></property></bean>
<bean class="org.springframework.webflow.mvc.servlet.FlowHandlerMapping">
<property name="flowRegistry" ref="flowRegistry"></property>
<property name="order" value="0"></property></bean>
</beans>

