<beans xmlns="http://www.springframework.org/schema/beans"
	xmlns:context="http://www.springframework.org/schema/context"
	xmlns:xsi="http://www.w3.org/2001/XMLSchema-instance"
		xmlns:mvc="http://www.springframework.org/schema/mvc"
		xmlns:security="http://www.springframework.org/schema/security"
	xsi:schemaLocation="
http://www.springframework.org/schema/beans
http://www.springframework.org/schema/beans/spring-beans-3.0.xsd
http://www.springframework.org/schema/context
http://www.springframework.org/schema/context/spring-context-3.0.xsd
http://www.springframework.org/schema/mvc
http://www.springframework.org/schema/mvc/spring-mvc-4.0.xsd
http://www.springframework.org/schema/security
http://www.springframework.org/schema/security/spring-security-4.1.xsd">
	<mvc:annotation-driven/>

<security:http auto-config="true">
<security:intercept-url pattern="/admin**"
  access="hasRole('ROLE_ADMIN')"/>
<security:intercept-url pattern="/cart_checkout**"
  access="hasRole('ROLE_USER')"/>
  <security:intercept-url pattern="/_cart**/**"
  access="hasRole('ROLE_USER')"/>
  <security:form-login 
  username-parameter="user"
  password-parameter="pass" 
  login-page="/loginjsp"
login-processing-url="/login"
 default-target-url="/logincheck"
  authentication-failure-forward-url="/logine"/>
  
  <security:access-denied-handler 
  error-page="/acessdenied"/>
</security:http>
<security:authentication-manager>
<security:authentication-provider>
<security:jdbc-user-service
data-source-ref="datasource"
users-by-username-query="select user,pass,'true' as enabled from user where user=? "
authorities-by-username-query="select user,role from user where user=?"/>

</security:authentication-provider>
</security:authentication-manager>
           </beans>